id;title;director;year;category;sinopsis;imgUrl;available;videoUrl
1;The Birth of a Nation;D.W. Griffith;1915;7;The Birth of a Nation es una película biográfica estadounidense sobre Nat Turner, el esclavo afroamericano que llevó una rebelión de esclavos al Condado de Southampton en 1831. La película fue escrita, producida y dirigida por Nate Parker, quien también interpreta a Nat Turner.;https://imusic.b-cdn.net/images/item/original/697/0089218471697.jpg?birth-of-a-nation-2005-birth-of-a-nation-dvd&class=scaled&v=1501183548;2024-01-10;https://www.youtube.com/embed/9UPOkIpR0A
2;Metropolis;Fritz Lang;1927;1;La ciudad de Metrópolis se divide en dos: por un lado están los trabajadores, que viven en la pobreza y son explotados por máquinas. Por el otro están los políticos, que disfrutan de un jardín idílico. Una historia de amor surge entre los dos extremos de la ciudad.;https://m.media-amazon.com/images/M/MV5BMjhjMGYyMjAtMzJkYy00NzhlLWIwY2MtMWQ2ODIxZDUyOGYyXkEyXkFqcGc@._V1_.jpg;2025-01-11;https://www.youtube.com/embed/gdtZv3XROnc
3;The Cabinet of Dr. Caligari;Robert Wiene;1920;6;El doctor Caligari es famoso en toda Alemania gracias a Cesare, su ayudante. Éste ha estado dormido durante 23 años y se ha convertido en el fiel compañero de Caligari. Ambos llegan al pequeño pueblo alemán de Holstenwall para mostrar su número. Mientras tanto, Francis y su amigo Alan deciden ir hasta allí para ver el impresionante espectáculo del doctor Caligari. Tras el show, Cesare asegura a Alan que morirá antes del amanecer…Sorprendentemente, la profecía se cumple y Alan muere. A partir de este momento, Francis comienza a investigar quién es realmente el doctor Caligari y qué se esconde tras ese extraño espectáculo.;https://upload.wikimedia.org/wikipedia/commons/5/52/Das_Cabinet_des_Dr._Caligari.JPG;2025-05-28;https://www.youtube.com/embed/IAtpxqajFak
4;Nosferatu;F.W. Murnau;1922;6;Un agente inmobiliario necesita vender un castillo cuyo propietario es el excéntrico conde Graf Orlock. El conde, en realidad, es un vampiro milenario que esparce el terror en la región de Bremen, y se interesa en Ellen, la mujer de Hutter.;https://www.ecartelera.com/carteles/6000/6032/001_m.jpg;2025-11-22;https://www.youtube.com/embed/ZxlJxDr26mM
5;The Gold Rush;Charlie Chaplin;1925;4;Un buscador de oro en Alaska cae rendido ante los encantos de una bella mujer. Chaplin se aproxima a su definitiva madurez como actor-director.;https://resizing.flixster.com/-XZAfHZM39UwaGJIFWKAE8fS0ak=/v3/t/assets/p341_p_v8_ab.jpg;2025-11-23;https://www.youtube.com/embed/kDlEvaKBkhU
6;City Lights;Charlie Chaplin;1931;4;En la frontera del cine sonoro, Charles Chaplin dirigió en 1931 esta tierna historia de amor, no exenta de una cierta amargura y tristeza. Un millonario ayuda a un vagabundo cuya amistad con una chica ciega le cambia la vida.;https://upload.wikimedia.org/wikipedia/commons/0/09/City_Lights_%281931_theatrical_poster_-_retouched%29.jpg;2025-05-28;https://www.youtube.com/embed/7vl7F8S4cpQ
7;King Kong;Merian C. Cooper;1933;7;Ambientada en 1933, narra la historia de un cineasta ambicioso y sin escrúpulos que engaña a su elenco y a la tripulación de un barco contratado para que viajen a la misteriosa Isla Calavera . Allí se encuentran con diversas criaturas prehistóricas y un legendario gorila gigante conocido como Kong, a quien capturan y llevan a Nueva York.;https://upload.wikimedia.org/wikipedia/commons/3/38/King-Kong-1933-RKO.jpg;2025-10-19;https://www.youtube.com/embed/PbrikL8IjXM
8;Gone with the Wind;Victor Fleming;1939;8;Georgia, 1861. En la elegante mansión sureña de Tara, vive Scarlett O'Hara, la joven más bella, caprichosa y egoísta de la región. Ella suspira por el amor de Ashley, pero él está prometido con su prima, la dulce y bondadosa Melanie. En la última fiesta antes del estallido de la Guerra, Scarlett conoce al cínico y apuesto Rhett Butler, un vividor arrogante y aventurero, que no tiene ninguna intención de participar en la contienda. Lo único que él desea es hacerse rico y conquistar a Scarlett.;https://m.media-amazon.com/images/M/MV5BYmYxZTE3YzMtYmE2Yy00NmFlLTkzYTAtYTAzN2IzNDFkN2E0XkEyXkFqcGc@._V1_.jpg;2025-06-21;https://www.youtube.com/embed/0X94oZgJis4
9;The Wizard of Oz;Victor Fleming;1939;5;Dorothy, que sueña con viajar más allá del arco iris, ve su deseo hecho realidad cuando un tornado se la lleva con su perrito al mundo de Oz. Entonces se dirige por el Camino Amarillo hacia la Ciudad Esmeralda, donde vive el todopoderoso Mago de Oz, que puede ayudarla a regresar a Kansas. Durante el viaje, se hace amiga del Espantapájaros que desea un cerebro, el Hombre de Hojalata que quiere un corazón y el León Cobarde le hace falta el coraje, por lo que deciden unirse a Dorothy en su odisea.;https://upload.wikimedia.org/wikipedia/commons/6/69/Wizard_of_oz_movie_poster.jpg;2024-04-27;https://www.youtube.com/embed/njdreZRjvpc
10;Citizen Kane;Orson Welles;1941;3;Un periodista se obsesiona con comprender el significado de la última palabra que Charles Foster Kane dijo antes de morir: rosebud. Para descubrir el misterio investiga a varias personas del pasado del magnate.;https://upload.wikimedia.org/wikipedia/commons/c/c0/Citizen_Kane_poster%2C_1941_%28Style_B%2C_unrestored%29.jpg;2024-12-04;https://www.youtube.com/embed/8dxh3lwdOFw
11;Casablanca;Michael Curtiz;1942;3;Durante la II Guerra Mundial (1939-1945), Casablanca era una ciudad a la que llegaban huyendo del nazismo gentes de todas partes: llegar era fácil, pero salir era casi imposible, especialmente si el nombre del fugitivo figuraba en las listas de la Gestapo. En esta ocasión, el objetivo es Victor Laszlo, cuya única esperanza es Rick Blaine, propietario del 'Rick's Café' y antiguo amante de su mujer..;https://www.efeeme.com/wp-content/uploads/2018/01/casablanca-14-01-18-b.jpg;2024-07-01;https://www.youtube.com/embed/MF7JH_54d8c
12;It's a Wonderful Life;Frank Capra;1946;3;George Bailey (James Stewart) es un honrado y modesto ciudadano que dirige y mantiene a flote un pequeño banco familiar, a pesar de los intentos de un poderoso banquero por arruinarlo. El día de Nochebuena de 1945, abrumado por la repentina desaparición de una importante suma de dinero, que supondría no solo la quiebra de su banco, sino también un gran escándalo, decide suicidarse, pero cuando está a punto de hacerlo ocurre algo extraordinario.;https://upload.wikimedia.org/wikipedia/commons/2/25/It%27s_a_Wonderful_Life_%281946_poster%29.jpeg;2024-06-27;https://www.youtube.com/embed/sFXoAVi4FPk
13;Bicycle Thieves;Vittorio De Sica;1948;3;Obra maestra del neorrealismo italiano situada en la Roma de posguerra en la que un desempleado encuentra un trabajo pegando carteles.;https://m.media-amazon.com/images/M/MV5BMjIzMzAyMzg1Nl5BMl5BanBnXkFtZTgwMzMyNzk0MTE@._V1_.jpg;2024-07-26;https://www.youtube.com/embed/H2P4xo9kmPM
14;Rashomon;Akira Kurosawa;1950;3;Japón, siglo XII. En Kioto, bajo las puertas del derruido templo de Rashomon, se guarecen de la torrencial lluvia un leñador, un sacerdote budista y un peregrino. Los tres discuten sobre el juicio a un bandido, acusado de haber dado muerte a un señor feudal y violado a su esposa. Los detalles del crimen son narrados desde el punto de vista del bandido, de la mujer, del señor feudal -con la ayuda de un médium- y del leñador, único testigo de los hechos.;https://www.mubis.es/media/movies/3843/97405/rashomon-original.jpg;2025-02-20;https://www.youtube.com/embed/xCZ9TguVOIA
15;Singin' in the Rain;Stanley Donen;1952;4;El ídolo del cine Don Lockwood pensaba que lo tenía todo en la vida: fama, fortuna y éxito hasta que conoce a la aspirante a actriz Kathy Selden. La joven y la llegada del cine sonoro revolucionarán la vida de Don.;https://upload.wikimedia.org/wikipedia/commons/5/5d/Singin%27_in_the_Rain_%281952_poster%29.jpg;2024-09-27;https://www.youtube.com/embed/5_EVHeNEIJY
16;Seven Samurai;Akira Kurosawa;1954;7;Una de las obras más influyentes de la cinematografía nipona en la que los habitantes de una aldea contratan a siete guerreros para que los defiendan de 40 bandidos.;https://cdn.cinencuentro.com/wp-content/uploads/2005/04/seven-samurai-cover.jpg;2024-02-10;https://www.youtube.com/embed/1XMJY0hYJEw
17;Rear Window;Alfred Hitchcock;1954;6;Un reportero fotográfico (Stewart) se ve obligado a permanecer en reposo con una pierna escayolada. A pesar de la compañía de su novia (Kelly) y de su enfermera (Ritter), procura escapar al tedio observando desde la ventana de su apartamento con unos prismáticos lo que ocurre en las viviendas de enfrente. Debido a una serie de extrañas circunstancias empieza a sospechar de un vecino cuya mujer ha desaparecido. ;https://m.media-amazon.com/images/I/71yDK67qRdL._AC_UF894,1000_QL80_.jpg;2024-10-12;https://www.youtube.com/embed/m01YktiEZCw
18;The Ten Commandments;Cecil B. DeMille;1956;7;Relato épico de la vida de Moisés, desde su nacimiento y abandono en el Nilo, su vida en la corte del faraón, hasta su huida de Egipto con los judíos.;https://m.media-amazon.com/images/M/MV5BMDRiZmNjZDAtN2I0Ny00YjIyLTk3NTUtODUyYTJlMTJhY2U0XkEyXkFqcGc@._V1_FMjpg_UX1000_.jpg;2025-07-11;https://www.youtube.com/embed/sOa64YH8-8I
19;Vertigo;Alfred Hitchcock;1958;6;Scottie Fergusson (James Stewart) es un detective de la policía de San Francisco que padece de vértigo. Cuando un compañero cae al vacío desde una cornisa mientras persiguen a un delincuente, Scottie decide retirarse. Gavin Elster (Tom Helmore), un viejo amigo del colegio, lo contrata para que vigile a su esposa Madeleine (Kim Novak), una bella mujer que está obsesionada con su pasado.;https://upload.wikimedia.org/wikipedia/commons/7/75/Vertigomovie_restoration.jpg;2025-11-01;https://www.youtube.com/embed/Z5jvQwwHQNY
20;Ben-Hur;William Wyler;1959;7;Judá Ben-Hur, hijo de una familia noble de Jerusalén, es amigo de Mesala, un tribuno romano que dirige los ejércitos de ocupación. Sin embargo, un accidente los convierte en enemigos: Ben-Hur es acusado de intentar matar al nuevo gobernador romano y Mesala lo encarcela junto con su familia. Ben-Hur es trasladado a galeras y allí conoce a un jeque árabe que le introduce en el mundo de las carreras de cuadrigas.;https://m.media-amazon.com/images/M/MV5BMWE0MDI3MzMtNzMwNS00OTg3LTlhNDYtNjljYzI5ZDk2NWQzXkEyXkFqcGc@._V1_FMjpg_UX1000_.jpg;2025-07-01;https://www.youtube.com/embed/NR1ZHKw09n8
21;Psycho;Alfred Hitchcock;1960;6;La secretaria de una empresa inmobiliaria, Marion Crane, no puede casarse con su amante, Sam Loomis. El destino pone en sus manos 40.000 dólares en efectivo que su jefe le confía para depositarlos en el banco. Marion decide apoderarse de esa suma para comenzar con Sam una nueva vida. De camino a California, cae la noche y una fuerte tormenta le obliga a buscar alojamiento en un solitario motel de carretera dirigido por un joven tímido, extraño y algo demente, Norman Bates, y por su madre.;https://upload.wikimedia.org/wikipedia/commons/thumb/7/76/Psycho_%281960%29_theatrical_poster_%28retouched%29.jpg/960px-Psycho_%281960%29_theatrical_poster_%28retouched%29.jpg;2024-11-03;https://www.youtube.com/embed/Wz719b9QUqY
22;Lawrence of Arabia;David Lean;1962;7;El Cairo, 1917. Durante la Gran Guerra (1914-1918), T.E. Lawrence, un oficial británico, es enviado al desierto para participar en una campaña de apoyo a los árabes contra Turquía. Los nativos adoran a Lawrence porque ha demostrado sobradamente ser un amante del desierto y del pueblo árabe. En cambio, sus superiores británicos creen que se ha vuelto loco. A pesar de que los planes de Lawrence se ven coronados por el éxito, su sueño de una Arabia independiente fracasará.;https://m.media-amazon.com/images/M/MV5BYTAwNzJjY2QtMzQ4MC00YTI2LWJjOGEtOGQ5NmFiZDRkOGU4XkEyXkFqcGc@._V1_FMjpg_UX1000_.jpg;2025-02-25;https://www.youtube.com/embed/vOlRhGEhG7k
23;Dr. Strangelove;Stanley Kubrick;1964;3;Convencido de que los comunistas están contaminando los Estados Unidos, un general ordena, en un acceso de locura, un ataque aéreo nuclear sorpresa contra la Unión Soviética. Su ayudante, el capitán Mandrake, trata de encontrar la fórmula para impedir el bombardeo. Por su parte, el Presidente de los EE.UU. se pone en contacto con Moscú para convencer al gobierno soviético de que el ataque no es más que un estúpido error.;https://m.media-amazon.com/images/M/MV5BMjFjYzBlOTktMTI2OS00ZWVhLTgxMDUtNzAwODY2NmI3YTAzXkEyXkFqcGc@._V1_.jpg;2025-04-04;https://www.youtube.com/embed/jPU1AYTxwg4
24;The Good, the Bad and the Ugly;Sergio Leone;1966;2;Los protagonistas son tres cazadores de recompensas que buscan un tesoro que ninguno de ellos puede encontrar sin la ayuda de los otros dos. Así que los tres colaboran entre sí, al menos en apariencia.;https://m.media-amazon.com/images/M/MV5BMWM5ZjQxM2YtNDlmYi00ZDNhLWI4MWUtN2VkYjBlMTY1ZTkwXkEyXkFqcGc@._V1_.jpg;2025-03-16;https://www.youtube.com/embed/WCN5JJY_wiA
25;2001: A Space Odyssey;Stanley Kubrick;1968;1;La película de ciencia-ficción por excelencia de la historia del cine narra los diversos periodos de la historia de la humanidad, no sólo del pasado, sino también del futuro. Hace millones de años, antes de la aparición del "homo sapiens", unos primates descubren un monolito que los conduce a un estadio de inteligencia superior. Millones de años después, otro monolito, enterrado en una luna, despierta el interés de los científicos. Por último, durante una misión de la NASA, HAL 9000, una máquina dotada de inteligencia artificial, se encarga de controlar todos los sistemas de una nave espacial tripulada.;https://m.media-amazon.com/images/M/MV5BNjU0NDFkMTQtZWY5OS00MmZhLTg3Y2QtZmJhMzMzMWYyYjc2XkEyXkFqcGc@._V1_.jpg;2024-12-19;https://www.youtube.com/embed/Ok32VyEQYYc
26;The Godfather;Francis Ford Coppola;1972;3;América, años 40. Don Vito Corleone (Marlon Brando) es el respetado y temido jefe de una de las cinco familias de la mafia de Nueva York. Tiene cuatro hijos: Connie (Talia Shire), el impulsivo Sonny (James Caan), el pusilánime Fredo (John Cazale) y Michael (Al Pacino), que no quiere saber nada de los negocios de su padre. Cuando Corleone, en contra de los consejos de 'Il consigliere' Tom Hagen (Robert Duvall), se niega a participar en el negocio de las drogas, el jefe de otra banda ordena su asesinato. Empieza entonces una violenta y cruenta guerra entre las familias mafiosas.;https://m.media-amazon.com/images/M/MV5BNGEwYjgwOGQtYjg5ZS00Njc1LTk2ZGEtM2QwZWQ2NjdhZTE5XkEyXkFqcGc@._V1_FMjpg_UX1000_.jpg;2024-06-13;https://www.youtube.com/embed/sY1S34973zA
27;A Clockwork Orange;Stanley Kubrick;1971;3;Alex es un joven muy agresivo que tiene dos pasiones: la violencia desaforada y Beethoven. Es el jefe de la banda de los drugos, que dan rienda suelta a sus instintos más salvajes aterrorizando a la población.;https://s3.amazonaws.com/nightjarprod/content/uploads/sites/130/2023/05/17142436/4sHeTAp65WrSSuc05nRBKddhBxO.jpg;2024-10-18;https://www.youtube.com/embed/2meAsIclTzQ
28;The Exorcist;William Friedkin;1973;6;Adaptación de la novela de William Peter Blatty. Inspirada en un exorcismo real ocurrido en Washington en 1949. Regan, una niña de doce años, es víctima de fenómenos paranormales. Su madre, aterrorizada, tras someter a su hija a múltiples análisis médicos que no ofrecen ningún resultado, acude a un sacerdote con estudios de psiquiatría. Éste está convencido de que la niña es víctima de una posesión diabólica. Por eso, con la ayuda de otro sacerdote, decide practicar un exorcismo.;https://m.media-amazon.com/images/M/MV5BZjg3YjE4ZjAtYTdmYS00ZTBkLWE1ZjgtNzAzODUwNzRiYjlmXkEyXkFqcGc@._V1_FMjpg_UX1000_.jpg;2024-05-18;https://www.youtube.com/embed/YDGw1MTEe9k
29;Jaws;Steven Spielberg;1975;6;Un pueblo costero del este de Estados Unidos se ve amenazado por un gigantesco tiburón blanco que ha atacado a varias personas. Este hecho pone en entredicho la seguridad de los bañadores durante la estación veraniega. Por ello, el alcalde de la localidad encomienda la caza del pez al jefe de la policía, un pescador y a un científico quienes se enfrentarán a un animal muy inteligente y violento.;https://m.media-amazon.com/images/M/MV5BYjViNDQzNmUtYzkxZi00NTk5LTljMmItYjJlZmZkODIxNjU1XkEyXkFqcGc@._V1_.jpg;2025-12-05;https://www.youtube.com/embed/U1fu_sA7XhE
30;Rocky;John G. Avildsen;1976;2;Rocky Balboa es un desconocido boxeador de Filadelfia a quien se le ofrece la posibilidad de alcanzar la fama y ganar el título mundial de los pesos pesados enfrentándose al actual campeón, Apollo Creed. Con una gran fuerza de voluntad, Rocky se prepara concienzudamente para el combate y también para los cambios que acabarán produciéndose en su vida.;https://m.media-amazon.com/images/M/MV5BZDEyY2M2MGMtYjg5OC00ZWFjLWFkZDQtNmQzZTdiYmYzZTBkXkEyXkFqcGc@._V1_FMjpg_UX1000_.jpg;2024-11-05;https://www.youtube.com/embed/3VUblDwa648
31;Star Wars: A New Hope;George Lucas;1977;1;La nave en la que viaja la princesa Leia es capturada por las tropas imperiales al mando del temible Darth Vader. Antes de ser atrapada, Leia consigue introducir un mensaje en su robot R2-D2, quien acompañado de su inseparable C-3PO logran escapar. Tras aterrizar en el planeta Tattooine son capturados y vendidos al joven Luke Skywalker, quien descubrirá el mensaje oculto que va destinado a Obi Wan Kenobi, maestro Jedi a quien Luke debe encontrar para salvar a la princesa.;https://m.media-amazon.com/images/M/MV5BZDEyY2M2MGMtYjg5OC00ZWFjLWFkZDQtNmQzZTdiYmYzZTBkXkEyXkFqcGc@._V1_FMjpg_UX1000_.jpg;2024-05-07;https://www.youtube.com/embed/1g3_CFmnU7k
32;Apocalypse Now;Francis Ford Coppola;1979;3;Durante la Guerra de Vietnam, el capitán Willard recibe la misión secreta de invadir el país vecino a Laos y matar a un coronel americano enloquecido, que lidera su propio ejército en lo más profundo de la jungla.;https://m.media-amazon.com/images/M/MV5BOGUwMDk0Y2MtNjBlNi00NmRiLTk2MWYtMGMyMDlhYmI4ZDBjXkEyXkFqcGc@._V1_FMjpg_UX1000_.jpg;2024-05-22;https://www.youtube.com/embed/9l-ViOOFH-s
33;Alien;Ridley Scott;1979;1;La tripulación del remolcador espacial Nostromo atiende una señal de socorro y, sin saberlo, sube a bordo una letal forma de vida extraterrestre.;https://m.media-amazon.com/images/M/MV5BZDhiMTljYjYtODc1Yy00MmEwLTg2OTYtYmE1YTRmNDE4MmEwXkEyXkFqcGc@._V1_FMjpg_UX1000_.jpg;2024-03-08;https://www.youtube.com/embed/jQ5lPt9edzQ
34;Raiders of the Lost Ark;Steven Spielberg;1981;7;Después de una infructuosa misión en Sudamérica, el Gobierno estadounidense encarga al arqueólogo Indiana Jones la búsqueda del Arca de la Alianza, una reliquia bíblica que contiene los diez mandamientos y que convierte en invencible a su portador. Jones deberá enfrentarse a los nazis para adquirir este precioso objeto.;https://cps-static.rovicorp.com/2/Open/Paramount_Pictures/Program/21243/_derived_jpg_q90_310x470_m0/Raiders_of_the_Lost_Ark_PA_2x3_27_1616072397612_0.jpg;2024-11-28;https://www.youtube.com/embed/Rh_BJXG1-44
35;E.T. the Extra-Terrestrial;Steven Spielberg;1982;1;Un pequeño extraterrestre de otro planeta queda abandonado en la Tierra cuando su nave se olvida de él. Está completamente solo y asustado hasta que Elliott, un niño de nueve años, lo encuentra y decide esconderlo en su casa para protegerlo. El chico y sus hermanos intentarán encontrar la forma de devolver al extraterrestre a su planeta antes de que lo encuentren los científicos y la policía.;https://m.media-amazon.com/images/M/MV5BYTNhNmY0YWMtMTczYi00MTA0LThhMmUtMTIxYzE0Y2QwMzRlXkEyXkFqcGc@._V1_.jpg;2024-01-29;https://www.youtube.com/embed/DSx8Jobx-Gs
36;Blade Runner;Ridley Scott;1982;1;Al final del siglo XX, miles de hombres y mujeres dejaron la Tierra para conquistar el espacio y escapar de las grandes ciudades, que se habían vuelto inhabitables. En las colonias nació una nueva raza de esclavos androides llamados "Replicantes". Los nuevos androides son parecidos al hombre, pero superiores en fuerza y agilidad. Tras una revolución, el antiguo policía Rick Deckard debe encontrar y eliminar a los replicantes rebeldes.;https://cineclubcasablancavalladolid.es/wp-content/uploads/2019/11/16_03_125.png;2025-11-12;https://www.youtube.com/embed/eogpIG53Cis
37;The Shining;Stanley Kubrick;1980;6;Jack Torrance es un hombre que se muda con su familia a un hotel aislado que debe cuidar, con la esperanza de salir del bloqueo creativo de su escritura. Mientras Jack no puede escapar del bloqueo, las visiones psíquicas de su hijo van en aumento.;https://www.originalfilmart.com/cdn/shop/products/shining_1980_french_small_original_film_art_5000x.jpg?v=1553332444;2024-01-27;https://www.youtube.com/embed/S014oGZiSdI
38;Back to the Future;Robert Zemeckis;1985;7;El adolescente Marty McFly es amigo de Doc, un científico que ha construido una máquina del tiempo. Cuando los dos prueban el artefacto, un error fortuito hace que Marty llegue a 1955, año en el que sus padres iban al instituto y todavía no se habían conocido. Después de impedir su primer encuentro, Marty deberá conseguir que se conozcan y se enamoren, de lo contrario su existencia no sería posible.;https://m.media-amazon.com/images/M/MV5BZmM3ZjE0NzctNjBiOC00MDZmLTgzMTUtNGVlOWFlOTNiZDJiXkEyXkFqcGc@._V1_FMjpg_UX1000_.jpg;2025-08-18;https://www.youtube.com/embed/U71BvFM7Wpw
39;The Terminator;James Cameron;1984;2;En el año 2029 las máquinas dominan el mundo. Los rebeldes que luchan contra ellas tienen como líder a John Connor, un hombre que nació en los años ochenta. Para eliminarlo y así acabar con la rebelión, las máquinas envían al pasado el robot Terminator con la misión de matar a Sarah Connor, la madre de John, e impedir así su nacimiento. Sin embargo, un hombre del futuro intentará protegerla.;https://m.media-amazon.com/images/M/MV5BZmE0YzIxM2QtMGNlMi00MjRmLWE3MWMtOWQzMGVjMmU0YTFmXkEyXkFqcGc@._V1_FMjpg_UX1000_.jpg;2025-02-15;https://www.youtube.com/embed/k64P4l2Wmeg
40;Die Hard;John McTiernan;1988;2;Un grupo terrorista se apodera de un edificio de Los Ángeles y toma a un grupo de personas como rehenes. El policía de Nueva York John McClane consigue escapar del acoso terrorista. Aunque está solo y fuera de servicio, McClane decide enfrentarse a los secuestradores y se convierte en la única esperanza para los rehenes.;https://m.media-amazon.com/images/M/MV5BMGNlYmM1NmQtYWExMS00NmRjLTg5ZmEtMmYyYzJkMzljYWMxXkEyXkFqcGc@._V1_.jpg;2024-12-03;https://www.youtube.com/embed/jaJuwKCmJbY
41;Goodfellas;Martin Scorsese;1990;3;Henry, un niño de trece años de Brooklyn, vive fascinado con el mundo de los gángsters. Su sueño se hace realidad cuando entra en la familia Pauline.;https://m.media-amazon.com/images/I/41vNDvv4GEL._AC_UF1000,1000_QL80_.jpg;2025-04-28;https://www.youtube.com/embed/2ilzidi_J8Q
42;The Silence of the Lambs;Jonathan Demme;1991;6;Tras una serie de crímenes donde a las víctimas les faltaba parte de la piel, una agente del FBI inicia su carrera particular para dar con el asesino. Para resolver el caso la agente encargada deberá envtrevistarse con el doctor Hannibal Lecter.;https://m.media-amazon.com/images/M/MV5BNDdhOGJhYzctYzYwZC00YmI2LWI0MjctYjg4ODdlMDExYjBlXkEyXkFqcGc@._V1_.jpg;2024-08-27;https://www.youtube.com/embed/6iB21hsprAQ
43;Pulp Fiction;Quentin Tarantino;1994;3;Jules y Vincent, dos asesinos a sueldo con no demasiadas luces, trabajan para el gángster Marsellus Wallace. Vincent le confiesa a Jules que Marsellus le ha pedido que cuide de Mia, su atractiva mujer. Jules le recomienda prudencia porque es muy peligroso sobrepasarse con la novia del jefe. Cuando llega la hora de trabajar, ambos deben ponerse "manos a la obra". Su misión: recuperar un misterioso maletín. ;https://m.media-amazon.com/images/M/MV5BMzNlNGRkZWYtNmE0Yy00NjQyLWFmMzItYWY5NGM2YWU4OWYwXkEyXkFqcGc@._V1_.jpg;2025-06-10;https://www.youtube.com/embed/s7EdQ4FqbhY
44;The Shawshank Redemption;Frank Darabont;1994;3;Andrew Dufresne es un hombre inocente que es acusado del asesinato de su mujer. Tras ser condenado a cadena perpetua, es enviado a la cárcel de Shawshank, en Maine. Con el paso de los años, Andrew conseguirá ganarse la confianza del director del centro y el respeto de los otros convictos, especialmente de Red, el jefe de la mafia.;https://m.media-amazon.com/images/M/MV5BMDAyY2FhYjctNDc5OS00MDNlLThiMGUtY2UxYWVkNGY2ZjljXkEyXkFqcGc@._V1_FMjpg_UX1000_.jpg;2025-02-23;https://www.youtube.com/embed/NmzuHjWmXOc
45;Forrest Gump;Robert Zemeckis;1994;3;Sentado en un banco en Savannah, Georgia, Forrest Gump espera al autobús. Mientras éste tarda en llegar, el joven cuenta su vida a las personas que se sientan a esperar con él. Aunque sufre un pequeño retraso mental, esto no le impide hacer cosas maravillosas. Sin entender del todo lo que sucede a su alrededor, Forrest toma partido en los eventos más importantes de la historia de los Estados Unidos.;https://m.media-amazon.com/images/M/MV5BYTIxMzBjYzUtMDYwOC00OTFmLTllNmMtYTYxNjFhOTViM2YyXkEyXkFqcGc@._V1_FMjpg_UX1000_.jpg;2024-09-29;https://www.youtube.com/embed/bLvqoHBptjg
46;Toy Story;John Lasseter;1995;5;Los juguetes de Andy, un niño de seis años, temen que un nuevo regalo les sustituya en el corazón de su dueño. Woody, un vaquero que ha sido hasta ahora el juguete favorito, trata de tranquilizarlos hasta que aparece Buzz Lightyear. Lo peor es que el arrogante Buzz se cree que es un auténtico astronauta en plena misión para regresar a su planeta.;https://www.originalfilmart.com/cdn/shop/files/ToyStory_1995_original_film_art_50686e53-66cc-4903-b558-31c060e0b818_5000x.webp?v=1759517468;2024-06-14;https://www.youtube.com/embed/v-PjgYDrg70
47;The Matrix;The Wachowskis;1999;1;El programador informático Thomas Anderson, más conocido en el mundo de los "hackers" como Neo, está en el punto de mira del temible agente Smith. Otros dos piratas informáticos, Trinity y Morfeo, se ponen en contacto con Neo para ayudarlo a escapar. Matrix te posee. Sigue al conejo blanco.;https://m.media-amazon.com/images/M/MV5BNGE1YzI4NzMtZTUxNi00Y2I5LTg2MmQtODE0NThmYTFmMDk0XkEyXkFqcGc@._V1_FMjpg_UX1000_.jpg;2024-03-05;https://www.youtube.com/embed/vKQi3bBA1y8
48;Fight Club;David Fincher;1999;3;Un empleado de oficina insomne en busca de una manera de cambiar su vida se cruza con un vendedor y crean un club de lucha clandestino como forma de terapia.;https://m.media-amazon.com/images/M/MV5BOTgyOGQ1NDItNGU3Ny00MjU3LTg2YWEtNmEyYjBiMjI1Y2M5XkEyXkFqcGc@._V1_FMjpg_UX1000_.jpg;2025-02-23;https://www.youtube.com/embed/qtRKdVHc-cE
49;Gladiator;Ridley Scott;2000;2;SEl general romano Máximo es el soporte más leal del emperador Marco Aurelio, que lo ha conducido de victoria en victoria. Sin embargo, Cómodo, el hijo de Marco Aurelio, está celoso del prestigio de Máximo y aún más del amor que su padre siente por él. Cuando Cómodo llega al poder ordena el arresto del general y su asesinato. Máximo escapa de sus asesinos, pero no puede evitar la muerte de su familia. Entonces se convierte en gladiador para llevar a cabo su venganza.;https://m.media-amazon.com/images/M/MV5BYWJjYWJhZmMtOGM1My00YWQzLWFlNWEtZTQ3ZjM5NzAxZDNkXkEyXkFqcGc@._V1_.jpg;2025-05-15;https://www.youtube.com/embed/P5ieIbInFpg
50;Memento;Christopher Nolan;2000;3;Leonard es un investigador de una agencia de seguros cuya memoria está irreversiblemente dañada por culpa de un golpe en la cabeza, al intentar evitar el asesinato de su mujer: éste es el último hecho que recuerda del pasado. A causa del golpe, ha perdido la memoria reciente, los hechos cotidianos desaparecen de su mente en unos minutos. Así pues, para investigar y vengar el asesinato de su esposa tiene que recurrir a la ayuda de una cámara instantánea y a las notas tatuadas en su cuerpo.;https://m.media-amazon.com/images/M/MV5BMGQ3Y2Q4NjktN2E4Ny00Y2Q2LTliZDUtZTNiNjRhY2I0NGIyXkEyXkFqcGc@._V1_.jpg;2025-05-23;https://www.youtube.com/embed/4CV41hoyS8A
51;Spirited Away;Hayao Miyazaki;2001;5;Chihiro es una niña de diez años caprichosa y testaruda que cree que el universo entero debe someterse a sus deseos. Camino de su nuevo hogar junto a sus padres, una idea que la enfurece, la familia se equivoca de camino y aparece al final de un misterioso callejón sin salida, donde topan con un extraño edificio con un largo pasaje que los conduce a un pueblo fantasmal donde los espera un magnífico banquete.;https://m.media-amazon.com/images/M/MV5BNTEyNmEwOWUtYzkyOC00ZTQ4LTllZmUtMjk0Y2YwOGUzYjRiXkEyXkFqcGc@._V1_.jpg;2024-01-04;https://www.youtube.com/embed/fDUFP7EeXLE
52;The Lord of the Rings: The Fellowship of the Ring;Peter Jackson;2001;7;En la Tierra Media, el Señor Oscuro Sauron forjó los Grandes Anillos del Poder y creó uno con el poder de esclavizar a toda la Tierra Media. Frodo Bolsón es un hobbit al que su tío Bilbo hace portador del poderoso Anillo Único con la misión de destruirlo. Acompañado de sus amigos, Frodo emprende un viaje hacia Mordor, el único lugar donde el anillo puede ser destruido. Sin embargo, Sauron ordena la persecución del grupo para recuperar el anillo y acabar con la Tierra Media.;https://m.media-amazon.com/images/M/MV5BNzIxMDQ2YTctNDY4MC00ZTRhLTk4ODQtMTVlOWY4NTdiYmMwXkEyXkFqcGc@._V1_FMjpg_UX1000_.jpg;2024-09-28;https://www.youtube.com/embed/V75dMMIW2B4
53;City of God;Fernando Meirelles;2002;3;En las favelas de Río de Janeiro en la década de 1970, dos jóvenes siguen caminos diferentes. Buscapé es un fotógrafo que registra la violenta vida cotidiana del lugar, mientras que Zé Pequeno es un narcotraficante que utiliza las fotos de Buscapé para demostrar lo valiente que es.;https://m.media-amazon.com/images/M/MV5BYjY4NGI5OTUtY2ZlZS00Zjk4LTk5N2MtN2JmYWVjNGNmMGRlXkEyXkFqcGc@._V1_.jpg;2024-12-04;https://www.youtube.com/embed/dcUOO4Itgmw
54;Oldboy;Park Chan-wook;2003;3;Dae-Su es un hombre de negocios que, sin motivo aparente, es secuestrado y confinado en una celda con la única compañía de un televisor. 15 años más tarde, es liberado y tiene cinco días para intentar averiguar la causa de su encierro.;https://m.media-amazon.com/images/M/MV5BMjI2NDFkNjEtYzI2Ni00NWY2LTgyMDYtZTU1NTA3YTZhNzFiXkEyXkFqcGc@._V1_FMjpg_UX1000_.jpg;2024-07-25;https://www.youtube.com/embed/tAaBkFChaRg
55;Eternal Sunshine of the Spotless Mind;Michel Gondry;2004;3;Joel recibe un terrible golpe cuando descubre que su novia, Clementine, ha hecho que borren de su memoria todos los recuerdos de su tormentosa relación. Desesperado, quiere que hagan lo mismo con él.;https://m.media-amazon.com/images/M/MV5BYzE2MzI2NTUtMmFlNS00ZTY5LTkxOTgtODVmZDc4ODhkMWM0XkEyXkFqcGc@._V1_FMjpg_UX1000_.jpg;2024-07-02;https://www.youtube.com/embed/07-QBnEkgXU
56;The Departed;Martin Scorsese;2006;3;Billy es un policía encubierto que se infiltra en la mafia dirigida por el jefe criminal Costello. Mientras Billy se está ganando la confianza de Costello, Colin, un joven y duro criminal que se ha infiltrado en el departamento de policía.;https://m.media-amazon.com/images/M/MV5BMTI1MTY2OTIxNV5BMl5BanBnXkFtZTYwNjQ4NjY3._V1_FMjpg_UX1000_.jpg;2024-11-26;https://www.youtube.com/embed/iojhqm0JTW4
57;Pan's Labyrinth;Guillermo del Toro;2006;5;Ofelia es una niña solitaria que conoce a un fauno en un antiguo laberinto. El fauno, una extraña criatura, le hace una sorprendente revelación: ella es en realidad una princesa, la última de su estirpe, y los suyos la esperan desde hace mucho tiempo. Para poder regresar a su mágico reino, la niña deberá enfrentarse a tres pruebas.;https://m.media-amazon.com/images/M/MV5BOTc1NTAxMWItMWFlNy00MmU2LTkwMTMtNzMwOTg5OTQ5YTFiXkEyXkFqcGc@._V1_.jpg;2024-01-11;https://www.youtube.com/embed/jVZRnnVSQ8k
58;No Country for Old Men;Coen Brothers;2007;3;Texas, 1980. Una operación de narcotráfico ha terminado en un río de sangre después de que compradores y vendedores no hayan sabido entenderse.;https://m.media-amazon.com/images/M/MV5BMjA5Njk3MjM4OV5BMl5BanBnXkFtZTcwMTc5MTE1MQ@@._V1_.jpg;2024-06-11;https://www.youtube.com/embed/38A__WT3-o0
59;There Will Be Blood;Paul Thomas Anderson;2007;3;Texas, principios del siglo XX. Una historia sobre la familia, la avaricia y la religión. Daniel Plainview se traslada a una miserable ciudad con el propósito de hacer fortuna, pero, a medida que se va enriqueciendo, sus principios y valores desaparecen y acaba dominado por la ambición.;https://m.media-amazon.com/images/M/MV5BMjAxODQ4MDU5NV5BMl5BanBnXkFtZTcwMDU4MjU1MQ@@._V1_FMjpg_UX1000_.jpg;2024-08-21;https://www.youtube.com/embed/FeSLPELpMeM
60;The Dark Knight;Christopher Nolan;2008;2;Con la ayuda del teniente Jim Gordon y del Fiscal del Distrito Harvey Dent, Batman mantiene a raya el crimen organizado en Gotham. Todo cambia cuando aparece el Joker, un nuevo criminal que desencadena el caos y tiene aterrados a los ciudadanos.;https://m.media-amazon.com/images/I/91KkWf50SoL.jpg;2024-08-08;https://www.youtube.com/embed/EXeTwQWrcwY
61;Slumdog Millionaire;Danny Boyle;2008;3;Jamal Malik es un adolescente pobre de los suburbios de Bombay que gana el premio del programa ¿Quien quiere ser millonario? Sin embargo, la policía cree que ha hecho trampas para conseguir el suculento bote del concurso de 20 millones de rupias.;https://m.media-amazon.com/images/M/MV5BMTE5ZTRkYWEtZmU5MC00NDJjLTk3NmUtZGJlYTM2MmQ3NTJkXkEyXkFqcGc@._V1_FMjpg_UX1000_.jpg;2024-12-29;https://www.youtube.com/embed/AIzbwV7on6Q
62;Avatar;James Cameron;2009;1;Entramos en el mundo Avatar de la mano de Jake Sully, un ex-Marine en silla de ruedas, que ha sido reclutado para viajar a Pandora, donde existe un mineral raro y muy preciado que puede solucionar la crisis energética existente en la Tierra.;https://upload.wikimedia.org/wikipedia/ca/b/b0/Avatar-Teaser-Poster.jpg;2024-10-07;https://www.youtube.com/embed/5PSNL1qE6VY
63;Inglourious Basterds;Quentin Tarantino;2009;2;II Guerra Mundial, Francia, Shosanna presencia la ejecución de su familia por orden del coronel nazi Hans Landa. Huye a Paris y adopta una nueva identidad como propietaria de un cine. Mientras el teniente Aldo Raine adiestra a un grupo de soldados judíos. Los hombres de Raine y una actriz alemana que agente doble, deben llevar a cabo una misión que hará caer a los jefes del Tercer Reich. El destino quiere que todos se encuentren bajo la marquesina de un cine donde Shosanna espera para vengarse.;https://m.media-amazon.com/images/M/MV5BODZhMWJlNjYtNDExNC00MTIzLTllM2ItOGQ2NGVjNDQ3MzkzXkEyXkFqcGc@._V1_.jpg;2025-10-14;https://www.youtube.com/embed/KnrRy6kSFF0
64;Inception;Christopher Nolan;2010;1;Dom Cobb es un ladrón capaz de adentrarse en los sueños de la gente y hacerse con sus secretos. Sin embargo, ahora tiene que llevar a cabo una misión diferente a lo que ha hecho siempre: realizar una incepción para implantar una idea en el subconsciente de una persona. El plan se complica debido a la intervención de alguien que parece predecir cada uno de los movimientos de Cobb, alguien a quien solo él puede enfrentarse.;https://m.media-amazon.com/images/M/MV5BMjAxMzY3NjcxNF5BMl5BanBnXkFtZTcwNTI5OTM0Mw@@._V1_.jpg;2024-06-15;https://www.youtube.com/embed/YoHD9XEInc0
65;The Social Network;David Fincher;2010;3;La historia de los jóvenes fundadores de la popular red social Facebook, especialmente de su creador más conocido, Mark Zuckerberg. Su leyenda reza: 'No se hacen 500 millones de amigos sin hacer unos cuantos enemigos'.;https://m.media-amazon.com/images/M/MV5BMjlkNTE5ZTUtNGEwNy00MGVhLThmZjMtZjU1NDE5Zjk1NDZkXkEyXkFqcGc@._V1_FMjpg_UX1000_.jpg;2024-01-30;https://www.youtube.com/embed/lB95KLmpLR4
66;Black Swan;Darren Aronofsky;2010;3;Una brillante bailarina que forma parte de una compañía de ballet de Nueva York, vive completamente absorbida por la danza. La presión de sus controladora madre y la rivalidad con su compañera Lily afectarán terriblemente a la niña.;https://m.media-amazon.com/images/M/MV5BNzY2NzI4OTE5MF5BMl5BanBnXkFtZTcwMjMyNDY4Mw@@._V1_FMjpg_UX1000_.jpg;2024-01-29;https://www.youtube.com/embed/5jaI1XOB-bs
67;Django Unchained;Quentin Tarantino;2012;2;Un antiguo esclavo une sus fuerzas con un cazador de recompensas alemán que lo libera y ayuda a cazar a los criminales más buscados del Sur, todo ello con la esperanza de encontrar a su esposa perdida hace mucho tiempo.;https://m.media-amazon.com/images/M/MV5BMjIyNTQ5NjQ1OV5BMl5BanBnXkFtZTcwODg1MDU4OA@@._V1_.jpg;2024-05-21;https://www.youtube.com/embed/0fUCuvNlOCg
68;Gravity;Alfonso Cuarón;2013;1;La doctora Ryan Stone, ingeniera especializada en medicina, realiza su primera misión en un transbordador espacial, acompañada por Matt Kowalsky, un astronauta veterano. Al destruirse la nave, ambos quedaran atrapados en el espacio profundo.;https://m.media-amazon.com/images/M/MV5BOGViY2VmM2YtZTcwZC00YTRkLTk0MjctOWYxZWY2NjdmNjRlXkEyXkFqcGc@._V1_FMjpg_UX1000_.jpg;2025-07-21;https://www.youtube.com/embed/OiTiKOy59o4
69;12 Years a Slave;Steve McQueen;2013;3;Basada en un hecho real ocurrido en 1850, narra la historia de Solomon Northup, un culto músico negro que vivía con su familia en Nueva York. Tras tomar una copa con dos hombres, Solomon descubre que ha sido drogado y secuestrado para ser vendido como esclavo en plantaciones de Louisiana, donde es obligado a permanecer durante 12 años hasta su liberación.;https://m.media-amazon.com/images/M/MV5BMjExMTEzODkyN15BMl5BanBnXkFtZTcwNTU4NTc4OQ@@._V1_FMjpg_UX1000_.jpg;2025-08-30;https://www.youtube.com/embed/z02Ie8wKKRg
70;Boyhood;Richard Linklater;2014;3;Mason, un pequeño soñador, se enfrenta a la primera gran convulsión de su vida: Olivia, su entregada y luchadora madre soltera, ha decidido mudarse con él y su hermana Samantha a Houston, justo cuando su padre acaba de regresar de Alaska.;https://m.media-amazon.com/images/M/MV5BMTYzNDc2MDc0N15BMl5BanBnXkFtZTgwOTcwMDQ5MTE@._V1_.jpg;2025-12-08;https://www.youtube.com/embed/Y0oX0xiwOv8
71;The Grand Budapest Hotel;Wes Anderson;2014;4;Gustave trabaja como conserje en el famoso gran hotel Budapest. Allí entabla amistad con Zero Moustafa, el nuevo empleado que se convierte en su protegido y a quien explica todos los secretos de la profesión. De repente, la rica Madame D. muere y deja en herencia a Gustave un preciado cuadro del Renacimiento. Sin embargo, los herederos de la rica mujer no están de acuerdo con el testamento y acusan a Gustave de asesinato. Entonces el conserje deberá escapar de la policía con la ayuda de Zero.;https://m.media-amazon.com/images/M/MV5BMzM5NjUxOTEyMl5BMl5BanBnXkFtZTgwNjEyMDM0MDE@._V1_.jpg;2024-04-29;https://www.youtube.com/embed/zru-1DbbcsA
72;Mad Max: Fury Road;George Miller;2015;2;Tras la guerra termonuclear que ha convertido a la Tierra en un páramo, el antiguo policía Max Rockatansky, atormentado por los espíritus de aquellos a los que no pudo proteger, se ha convertido en un hombre con un solo instinto: sobrevivir. Sin embargo, se ve arrastrado a formar parte de un grupo que huye a través del desierto en un War Rig. Enfurecido, el Señor de la Guerra moviliza a todas sus bandas y persigue implacablemente a Max.;https://m.media-amazon.com/images/M/MV5BZDRkODJhOTgtOTc1OC00NTgzLTk4NjItNDgxZDY4YjlmNDY2XkEyXkFqcGc@._V1_FMjpg_UX1000_.jpg;2024-02-10;https://www.youtube.com/embed/hEJnMQG9ev8
73;Spotlight;Tom McCarthy;2015;3;En 2001, el editor del "The Boston Globe" encarga a un grupo de periodistas que investigue las alegaciones contra John Geoghan, un cura acusado de haber abusado de más de 80 chicos. Liderados por el editor Walter "Robby" Robinson, los periodistas Michael Rezendes, Matt Carroll y Sascha Pfeiffer entrevistan a las víctimas e intentan encontrar documentos sensibles. Los periodistas intentan encontrar pruebas que demuestren el encubrimiento de los abusos sexuales en la Iglesia Católica.;https://m.media-amazon.com/images/I/91Zy18In8IL._AC_UF1000,1000_QL80_.jpg;2025-07-18;https://www.youtube.com/embed/epKmOtDZj5Q
74;The Revenant;Alejandro G. Iñárritu;2015;3;Hugh Glass, un trampero y explorador de finales del siglo XIX resulta herido de muerte por el ataque de un oso. Sus compañeros deciden dejarle para proseguir con la expedición. Glass deberá enfrentarse a un territorio hostil para poder vengarse de quienes lo abandonaron a su suerte, especialmente de la traición llevada a cabo por quien consideraba su fiel confidente.;https://m.media-amazon.com/images/M/MV5BMzU0NzI0OTgtNzllMy00MWRiLWEwOWItMzBiNTFlNDY0ZjRiXkEyXkFqcGc@._V1_.jpg;2025-01-02;https://www.youtube.com/embed/LoebZZ8K5N0
75;La La Land;Damien Chazelle;2016;8;Mía y Sebastián son dos jóvenes que quieren abrirse camino en el mundo de Hollywood. Mía es una joven aspirante a actriz que trabaja como camarera mientras acude a castings y Sebastián toca el piano en bares. Un día sus caminos se cruzan e inmediatamente se enamoran. Los dos trabajan juntos para hacer realidad sus sueños, pero pronto se dan cuenta de que el mundo del arte pide sacrificios que ponen en peligro su relación.;https://m.media-amazon.com/images/M/MV5BMzUzNDM2NzM2MV5BMl5BanBnXkFtZTgwNTM3NTg4OTE@._V1_.jpg;2024-09-28;https://www.youtube.com/embed/0pdqf4P9MB8
76;Moonlight;Barry Jenkins;2016;3;Chiron, un joven afroamericano que vive en una zona conflictiva de Miami, tiene problemas para aceptar su homosexualidad. Mientras madura en un ambiente hostil, experimenta la alegría, la ira, el placer de la belleza, el éxtasis y el dolor. A medida que pasan los años, el joven se descubre a sí mismo intentando sobrevivir a diferentes situaciones.;https://m.media-amazon.com/images/M/MV5BNzQxNTIyODAxMV5BMl5BanBnXkFtZTgwNzQyMDA3OTE@._V1_.jpg;2025-11-23;https://www.youtube.com/embed/9NJj12tJzqc
77;Get Out;Jordan Peele;2017;6;Chris es un joven y exitoso fotógrafo afroamericano que, desde hace cinco meses, sale con Rose, una chica blanca. Aunque no está muy convencido, termina accediendo a la invitación de Rose para conocer a su familia por lo que ella le invita a pasar un fin de semana en el campo con sus padres, Missy y Dean. Al principio, Chris piensa que el comportamiento complaciente de los padres se debe a su nerviosismo por la relación interracial de su hija, pero a medida que pasan las horas, todo cambia.;https://m.media-amazon.com/images/M/MV5BOGMzMjFiMDUtZWQ5Ny00MTUyLWEyYzItMzcwNzJjNzBmMjI4XkEyXkFqcGc@._V1_.jpg;2025-12-27;https://www.youtube.com/embed/DzfpyUB60YY
78;Dunkirk;Christopher Nolan;2017;2;Alemania avanza sobre Francia, atrapando a las tropas aliadas en las playas de Dunkerque. Bajo protección aérea y terrestre de las fuerzas británicas y francesas, las tropas son evacuadas lentamente de la playa con cualquier embarcación disponible.;https://m.media-amazon.com/images/M/MV5BMTE0Mjg4MTMwMDZeQTJeQWpwZ15BbWU4MDAwMDQ1ODAy._V1_.jpg;2024-11-03;https://www.youtube.com/embed/F-eMt3SrfFU
79;The Shape of Water;Guillermo del Toro;2017;8;Baltimore, años 60. Elisa, muda desde que era un bebé, trabaja como limpiadora nocturna en un centro de investigación aeroespacial. Una noche, mientras está limpiando en un zona de alta seguridad, ve cómo llevan al laboratorio una cápsula con un extraño ser en su interior. Se trata de un hombre anfibio que despertará la curiosidad de Elisa.;https://m.media-amazon.com/images/M/MV5BOGFlMTM2MTgtZDdlMy00ZDZlLWFjOTUtZDMzMGEwNmNiMWY0XkEyXkFqcGc@._V1_FMjpg_UX1000_.jpg;2024-02-19;https://www.youtube.com/embed/XFYWazblaUA
80;Three Billboards Outside Ebbing, Missouri;Martin McDonagh;2017;3;Una mujer se enfrenta a la policía de su pueblo después de la violación y asesinato de su hija.;https://amovieguy.com/wp-content/uploads/2017/11/threebillboardsmovieposter.jpg;2025-06-23;https://www.youtube.com/embed/Jit3YhGx5pU
81;Roma;Alfonso Cuarón;2018;3;En la colonia Roma, de Ciudad de México,una criada india, Cleo, ayuda a una madre a criar a sus cuatro hijos durante las largas ausencias de su marido. Un retrato realista y emotivo de los conflictos domésticos y las jerarquías sociales durante la agitación política de la década de los 70.;https://m.media-amazon.com/images/M/MV5BNDhlOGE1NWUtYTEyNi00MDc4LWI3ODItYWMxN2NmMDk4YTVhXkEyXkFqcGc@._V1_.jpg;2024-09-12;https://www.youtube.com/embed/6BS27ngZtxg
82;Parasite;Bong Joon-ho;2019;3;Tanto Gi Taek como su familia están sin trabajo. Cuando su hijo mayor, Gi Woo, empieza a recibir clases particulares en la adinerada casa de Park, las dos familias, que tienen mucho en común pese a pertenecer a dos mundos totalmente distintos, comienzan una relación de resultados imprevisibles.;https://m.media-amazon.com/images/M/MV5BYjk1Y2U4MjQtY2ZiNS00OWQyLWI3MmYtZWUwNmRjYWRiNWNhXkEyXkFqcGc@._V1_.jpg;2024-08-30;https://www.youtube.com/embed/isOGD_7hNIY
83;Joker;Todd Phillips;2019;3;La pasión de Arthur Fleck, un hombre ignorado por la sociedad, es hacer reír a la gente. Sin embargo, una serie de trágicos sucesos harán que su visión del mundo se distorsione considerablemente convirtiéndolo en un brillante criminal.;https://m.media-amazon.com/images/M/MV5BNzY3OWQ5NDktNWQ2OC00ZjdlLThkMmItMDhhNDk3NTFiZGU4XkEyXkFqcGc@._V1_FMjpg_UX1000_.jpg;2024-01-18;https://www.youtube.com/embed/t433PEQGErc
84;1917;Sam Mendes;2019;2;La película sigue a dos jóvenes soldados británicos a lo largo de un único día en lo más crudo de la Primera Guerra Mundial.;https://m.media-amazon.com/images/I/71xkQk77OeL.jpg;2024-10-20;https://www.youtube.com/embed/YqNYrYUiMfg
85;Once Upon a Time in Hollywood;Quentin Tarantino;2019;3;Hollywood, años 60. La estrella de un western televisivo, Rick Dalton, intenta amoldarse a los cambios del medio al mismo tiempo que su doble. Dalton es vecino de la joven y prometedora actriz y modelo Sharon Tate, que acaba de casarse con el prestigioso director Roman Polanski.;https://m.media-amazon.com/images/M/MV5BMzMzNmViNjYtN2ViNi00NDM3LWFlMmItNDYyMGIzY2EzZjE2XkEyXkFqcGc@._V1_.jpg;2024-09-02;https://www.youtube.com/embed/ELeMaP8EPAA
86;Ford v Ferrari;James Mangold;2019;2;El visionario automovilístico Carroll Shelby y su conductor británico Ken Miles reciben la misión de construir un nuevo automóvil con el fin de derrocar el dominio de Ferrari en el Campeonato del Mundo de Le Mans de 1966.;https://m.media-amazon.com/images/M/MV5BOTBjNTEyNjYtYjdkNi00YzE5LTljYzUtZjVlYmYwZmJmZWYxXkEyXkFqcGc@._V1_.jpg;2024-11-22;https://www.youtube.com/embed/zyYgDtY2AMY
87;The Irishman;Martin Scorsese;2019;3;Frank Sheeran, veterano de la Segunda Guerra Mundial, estafador y asesino a sueldo recuerda su participación en el asesinato de Jimmy Hoffa. Uno de los grandes misterios sin resolver del país: la desaparición del legendario sindicalista Jimmy Hoffa. Un gran viaje por los turbios entresijos del crimen organizado: sus mecanismos internos, rivalidades y su conexión con la política.;https://m.media-amazon.com/images/M/MV5BYjRiMzYyNjItZmMwMy00ZGIwLWE2NDktMjcxYTM3MTE2ODhhXkEyXkFqcGc@._V1_.jpg;2025-06-13;https://www.youtube.com/embed/1Expe7hf6MU
88;Top Gun: Maverick;Joseph Kosinski;2022;2;Tras más de 30 años de servicio como uno de los mejores aviadores de la Armada, Pete "Maverick" Mitchel se encuentra donde siempre quiso estar, empujando los límites como un valiente piloto de pruebas.;https://m.media-amazon.com/images/M/MV5BMDBkZDNjMWEtOTdmMi00NmExLTg5MmMtNTFlYTJlNWY5YTdmXkEyXkFqcGc@._V1_.jpg;2024-10-20;https://www.youtube.com/embed/qSqVVswa420
89;Everything Everywhere All at Once;Daniel Kwan & Daniel Scheinert;2022;1;Una heroína inesperada debe usar sus nuevos poderes para luchar contra los desconcertantes peligros del multiverso y así lograr salvar su mundo.;https://m.media-amazon.com/images/M/MV5BOWNmMzAzZmQtNDQ1NC00Nzk5LTkyMmUtNGI2N2NkOWM4MzEyXkEyXkFqcGc@._V1_FMjpg_UX1000_.jpg;2025-06-16;https://www.youtube.com/embed/wxN1T1uxQ2g
90;Dune;Denis Villeneuve;2021;1;Arrakis, también denominado "Dune", se ha convertido en el planeta más importante del universo. A su alrededor comienza una gigantesca lucha por el poder que culmina en una guerra interestelar.;https://m.media-amazon.com/images/M/MV5BNWIyNmU5MGYtZDZmNi00ZjAwLWJlYjgtZTc0ZGIxMDE4ZGYwXkEyXkFqcGc@._V1_FMjpg_UX1000_.jpg;2025-07-04;https://www.youtube.com/embed/n9xhJrPXop4
91;The Power of the Dog;Jane Campion;2021;3;Los acaudalados hermanos Phil y George Burbank son las dos caras de la misma moneda. Phil es elegante y cruel, mientras que George es impasible y amable. Cuando George se casa en secreto con una viuda del pueblo, Phil lleva a cabo una guerra sádica e implacable usando a su afeminado hijo, Peter, como peón.;https://m.media-amazon.com/images/M/MV5BNzgyMzA2NDEtZWUxNy00MDNmLTllMDYtNzZmNTU5ZWVmMzhlXkEyXkFqcGc@._V1_FMjpg_UX1000_.jpg;2024-03-17;https://www.youtube.com/embed/LRDPo0CHrko
92;Oppenheimer;Christopher Nolan;2023;3;En tiempos de guerra, el brillante físico estadounidense Julius Robert Oppenheimer, al frente del 'Proyecto Manhattan', lidera los ensayos nucleares para construir la bomba atómica para su país. Impactado por su poder destructivo, Oppenheimer se cuestiona las consecuencias morales de su creación. Desde entonces y el resto de su vida, se opondría firmemente al uso de armas nucleares. ;https://m.media-amazon.com/images/M/MV5BN2JkMDc5MGQtZjg3YS00NmFiLWIyZmQtZTJmNTM5MjVmYTQ4XkEyXkFqcGc@._V1_FMjpg_UX1000_.jpg;2024-02-07;https://www.youtube.com/embed/uYPbbksJxIg
93;Barbie;Greta Gerwig;2023;4;Barbie (Margot Robbie) lleva una vida ideal en Barbieland, allí todo es perfecto, con chupi fiestas llenas de música y color, y todos los días son el mejor día. Claro que Barbie se hace algunas preguntas, cuestiones bastante incómodas que no encajan con el mundo idílico en el que ella y las demás Barbies viven. Cuando Barbie se dé cuenta de que es capaz de apoyar los talones en el suelo, y tener los pies planos, decidirá calzarse unos zapatos sin tacones y viajar hasta el mundo real.;https://m.media-amazon.com/images/M/MV5BOTIxZTMyZTgtYTg1Ny00ZDNmLTkwMTEtZTI3Mzg5OTE2N2E2XkEyXkFqcGc@._V1_.jpg;2024-11-09;https://www.youtube.com/embed/pBk4NYhWNMM
94;Killers of the Flower Moon;Martin Scorsese;2023;3;En la década de 1920, los miembros de la tribu de nativos americanos del condado de Osage, en Oklahoma, son asesinados cuando se encuentra petróleo en sus tierras, y el FBI decide investigar.;https://m.media-amazon.com/images/M/MV5BZWY5ZDVjNTUtODI5Yy00MjFhLWEyM2EtYzZjM2VjZTI0MTBjXkEyXkFqcGc@._V1_.jpg;2024-08-29;https://www.youtube.com/embed/EP34Yoxs3FQ
95;Past Lives;Celine Song;2023;3;Nora y Hae Sung, dos amigos de la infancia profundamente conectados, se separan cuando la familia de Nora emigra de Corea del Sur. Décadas más tarde, se reencuentran durante una fatídica semana mientras enfrentan el destino, el amor y las decisiones que marcan la vida.;https://m.media-amazon.com/images/M/MV5BYjQyMTNhNjUtN2VmYy00NWRhLTkwOTctMGVmNTBmNDIxYjZhXkEyXkFqcGc@._V1_.jpg;2025-07-31;https://www.youtube.com/embed/kA244xewjcI
96;The Creator;Gareth Edwards;2023;1;Un antiguo agente de las fuerzas especiales se encuentra al mando de un comando que debe cazar y matar al creador de una inteligencia artificial extraordinaria que tiene la capacidad de aniquilar a toda la humanidad.;https://m.media-amazon.com/images/M/MV5BMDkxMTUxOTQtYzM4Yi00YzA2LTgzOTYtNDg2NTliODE0ZTRjXkEyXkFqcGc@._V1_.jpg;2024-09-29;https://www.youtube.com/embed/ex3C1-5Dhb8
97;Mission: Impossible – Dead Reckoning Part One;Christopher McQuarrie;2023;2;Ethan debe detener a una inteligencia artificial que todas las potencias mundiales codician, la cual se ha vuelto tan poderosa que se rebeló contra sus creadores y ahora es una amenaza en sí misma.;https://m.media-amazon.com/images/M/MV5BN2U4OTdmM2QtZTkxYy00ZmQyLTg2N2UtMDdmMGJmNDhlZDU1XkEyXkFqcGc@._V1_.jpg;2025-07-12;https://www.youtube.com/embed/avz06PDqDbM
98;Avatar: The Way of Water;James Cameron;2022;1;Jake Sully y Neytiri han formado una familia y hacen todo lo posible por permanecer juntos. Sin embargo, deben abandonar su hogar y explorar las regiones de Pandora cuando una antigua amenaza reaparece.;https://m.media-amazon.com/images/M/MV5BNWI0Y2NkOWEtMmM2OC00MjQ3LWI1YzItZGQxYzQ3NzI4NWZmXkEyXkFqcGc@._V1_FMjpg_UX1000_.jpg;2025-10-07;https://www.youtube.com/embed/d9MyW72ELq0
99;The Whale;Darren Aronofsky;2022;3;Un solitario profesor de inglés que tiene obesidad mórbida y vive recluido intenta reconectar con su hija adolescente para tener una última oportunidad de redención.;https://www.mubis.es/media/users/6266/309068/the-whale-original.jpeg;2024-03-11;https://www.youtube.com/embed/nWiQodhMvz4
100;Inside Out 2;Kelsey Mann;2024;5;Ahora que es adolescente, Riley experimenta nuevos sentimientos como Ansiedad y Envidia, que se imponen a los viejos mientras ella duda sobre si abandonar a sus antiguas amigas por otras de la escuela secundaria.;https://m.media-amazon.com/images/M/MV5BYWY3MDE2Y2UtOTE3Zi00MGUzLTg2MTItZjE1ZWVkMGVlODRmXkEyXkFqcGc@._V1_FMjpg_UX1000_.jpg;2025-06-14;https://www.youtube.com/embed/LEjhY15eCx0