id;name;email;password;role
1;María López;marialopez@mail.com;123456;admin
2;John Smith;johnsmith@mail.com;123456;user
3;Ana García;anagarcia@mail.com;123456;user
4;Mohamed Ali;mohamedali@mail.com;123456;user
5;Liu Wei;liuwei@mail.com;123456;user
6;Sofia Rossi;sofiarossi@mail.com;123456;user
7;Carlos Martínez;carlosmartinez@mail.com;123456;user
8;Emma Johnson;emmajohnson@mail.com;123456;user
9;Isabella Silva;isabellasilva@mail.com;123456;user
10;Noah Brown;noahbrown@mail.com;123456;user
11;Olivia Williams;oliviawilliams@mail.com;123456;user
12;Mateo Fernández;mateofernandez@mail.com;123456;user
13;Lucas González;lucasgonzalez@mail.com;123456;user
14;Mia Hernández;miahernandez@mail.com;123456;user
15;Amir Khan;amirkhan@mail.com;123456;user
16;Ava Martin;avamartin@mail.com;123456;user
17;Hana Kim;hanakim@mail.com;123456;user
18;Ethan Davis;ethandavis@mail.com;123456;user
19;Camila Rodríguez;camilarodriguez@mail.com;123456;user
20;Lara Müller;laramüller@mail.com;123456;user
21;Daniela Costa;danielacosta@mail.com;123456;user
22;Oliver Taylor;olivertaylor@mail.com;123456;user
23;Hannah Lee;hannahlee@mail.com;123456;user
24;Sergio Sánchez;sergiosanchez@mail.com;123456;user
25;Charlotte Wilson;charlottewilson@mail.com;123456;user
26;Tomás Pereira;tomaspereira@mail.com;123456;user
27;Zoe Anderson;zoeanderson@mail.com;123456;user
28;Miguel Silva;miguelsilva@mail.com;123456;user
29;Nora Thomas;norathomas@mail.com;123456;user
30;Leonardo Moretti;leonardomoretti@mail.com;123456;user
31;Alice Walker;alicewalker@mail.com;123456;user
32;Mateusz Nowak;mateusznowak@mail.com;123456;user
33;Valentina Russo;valentinarusso@mail.com;123456;user
34;Yuki Tanaka;yukitanaka@mail.com;123456;user
35;Ibrahim Öz;ibrahimöz@mail.com;123456;user
36;Chloe Brown;chloebrown@mail.com;123456;user
37;Diego Oliveira;diegooliveira@mail.com;123456;user
38;Sara Novak;saranovak@mail.com;123456;user
39;Jasper de Vries;jasperdevries@mail.com;123456;user
40;Nina Petrova;ninapetrova@mail.com;123456;user
41;Samuel King;samuelking@mail.com;123456;user
42;Elena Petrova;elenapetrova@mail.com;123456;user
43;Aria Patel;ariapatel@mail.com;123456;user
44;Hugo Pereira;hugopereira@mail.com;123456;user
45;Marta Novak;martanovak@mail.com;123456;user
46;Oliver Müller;olivermüller@mail.com;123456;user
47;Priya Sharma;priyasharma@mail.com;123456;user
48;Mateo Ruiz;mateoruiz@mail.com;123456;user
49;Lina Gómez;linagomez@mail.com;123456;user
50;Felix Schmidt;felixschmidt@mail.com;123456;user
51;Camila Diaz;camiladiaz@mail.com;123456;user
52;Noémie Dubois;noemiedubois@mail.com;123456;user
53;Hector Morales;hectormorales@mail.com;123456;user
54;Julia Brown;juliabrown@mail.com;123456;user
55;Rafael Costa;rafaelcosta@mail.com;123456;user
56;Aisha Ahmed;aishaahmed@mail.com;123456;user
57;Oscar Duarte;oscarduarte@mail.com;123456;user
58;Maja Kowalska;majakowalska@mail.com;123456;user
59;Fernando Rojas;fernandorojas@mail.com;123456;user
60;Laura González;lauragonzalez@mail.com;123456;user
61;Ivan Ivanov;ivanivanov@mail.com;123456;user
62;Miriam Cohen;miriamcohen@mail.com;123456;user
63;Pedro Alves;pedroalves@mail.com;123456;user
64;Zara Khan;zarakhan@mail.com;123456;user
65;Andrés Castillo;andrescastillo@mail.com;123456;user
66;Greta Berg;gretaberg@mail.com;123456;user
67;Adriana Silva;adrianasilva@mail.com;123456;user
68;Victor Hugo;victorhugo@mail.com;123456;user
69;Lina Rossi;linarossi@mail.com;123456;user
70;Elias Haddad;eliashaddad@mail.com;123456;user
71;Bianca Moreau;biancamoreau@mail.com;123456;user
72;Jonas Hansen;jonashansen@mail.com;123456;user
73;Mariana Ortega;marianaortega@mail.com;123456;user
74;Ruben Alvarez;rubenalvarez@mail.com;123456;user
75;Yara Haddad;yarahaddad@mail.com;123456;user
76;Oscar Jiménez;oscarjimenez@mail.com;123456;user
77;Sofia Petrova;sofiapetrova@mail.com;123456;user
78;Luca Bianchi;lucabianchi@mail.com;123456;user
79;Alejandro Cruz;alejandrocruz@mail.com;123456;user
80;Mina Park;minapark@mail.com;123456;user
81;Evelyn Clark;evelynclark@mail.com;123456;user
82;Tobias Wagner;tobiaswagner@mail.com;123456;user
83;Youssef Ben;youssefben@mail.com;123456;user
84;Gabriela Nunes;gabrielanunes@mail.com;123456;user
85;Pablo Soto;pablosoto@mail.com;123456;user
86;Ingrid Olsen;ingridolsen@mail.com;123456;user
87;Rosa Díaz;rosadiaz@mail.com;123456;user
88;Marco Romano;marcoromano@mail.com;123456;user
89;Santiago Castro;santiagocastro@mail.com;123456;user
90;Elisa Romero;elisaromero@mail.com;123456;user
91;Matej Horvat;matejhorvat@mail.com;123456;user
92;Olga Kuznetsova;olgakuznetsova@mail.com;123456;user
93;Thiago Santos;thiagosantos@mail.com;123456;user
94;Isabel Romero;isabelromero@mail.com;123456;user
95;Amelia Torres;ameliatorres@mail.com;123456;user
96;Kenji Nakamura;kenjinakamura@mail.com;123456;user
97;Lucas Becker;lucasbecker@mail.com;123456;user
98;Fatima Rahman;fatimarahman@mail.com;123456;user
99;Elias Romero;eliasromero@mail.com;123456;user
100;Chloe Dubois;chloedubois@mail.com;123456;user
